CREATE TABLE `tb_permission` (
  `id` bigint(20) NOT NULL AUTO_INCREMENT,
  `parent_id` bigint(20) DEFAULT NULL COMMENT '父权限',
  `name` varchar(64) NOT NULL COMMENT '权限名称',
  `enname` varchar(64) NOT NULL COMMENT '权限英文名称',
  `url` varchar(255) NOT NULL COMMENT '授权路径',
  `description` varchar(200) DEFAULT NULL COMMENT '备注',
  `created` datetime NOT NULL,
  `updated` datetime NOT NULL,
  PRIMARY KEY (`id`)
) ENGINE=InnoDB AUTO_INCREMENT=49 DEFAULT CHARSET=utf8 COMMENT='权限表';
insert  into `tb_permission`(`id`,`parent_id`,`name`,`enname`,`url`,`description`,`created`,`updated`) values
(37,0,'系统管理','System','/',NULL,'2019-04-04 23:22:54','2019-04-04 23:22:56'),
(38,37,'用户管理','SystemUser','/users/',NULL,'2019-04-04 23:25:31','2019-04-04 23:25:33'),
(39,38,'查看用户','SystemUserView','/users/view/**',NULL,'2019-04-04 15:30:30','2019-04-04 15:30:43'),
(40,38,'新增用户','SystemUserInsert','/users/insert/**',NULL,'2019-04-04 15:30:31','2019-04-04 15:30:44'),
(41,38,'编辑用户','SystemUserUpdate','/users/update/**',NULL,'2019-04-04 15:30:32','2019-04-04 15:30:45'),
(42,38,'删除用户','SystemUserDelete','/users/delete/**',NULL,'2019-04-04 15:30:48','2019-04-04 15:30:45'),
(44,37,'内容管理','SystemContent','/contents/',NULL,'2019-04-06 18:23:58','2019-04-06 18:24:00'),
(45,44,'查看内容','SystemContentView','/contents/view/**',NULL,'2019-04-06 23:49:39','2019-04-06 23:49:41'),
(46,44,'新增内容','SystemContentInsert','/contents/insert/**',NULL,'2019-04-06 23:51:00','2019-04-06 23:51:02'),
(47,44,'编辑内容','SystemContentUpdate','/contents/update/**',NULL,'2019-04-06 23:51:04','2019-04-06 23:51:06'),
(48,44,'删除内容','SystemContentDelete','/contents/delete/**',NULL,'2019-04-06 23:51:08','2019-04-06 23:51:10');

CREATE TABLE `tb_role` (
  `id` bigint(20) NOT NULL AUTO_INCREMENT,
  `parent_id` bigint(20) DEFAULT NULL COMMENT '父角色',
  `name` varchar(64) NOT NULL COMMENT '角色名称',
  `enname` varchar(64) NOT NULL COMMENT '角色英文名称',
  `description` varchar(200) DEFAULT NULL COMMENT '备注',
  `created` datetime NOT NULL,
  `updated` datetime NOT NULL,
  PRIMARY KEY (`id`)
) ENGINE=InnoDB AUTO_INCREMENT=38 DEFAULT CHARSET=utf8 COMMENT='角色表';
insert  into `tb_role`(`id`,`parent_id`,`name`,`enname`,`description`,`created`,`updated`) values
(37,0,'超级管理员','admin',NULL,'2019-04-04 23:22:03','2019-04-04 23:22:05');

CREATE TABLE `tb_role_permission` (
  `id` bigint(20) NOT NULL AUTO_INCREMENT,
  `role_id` bigint(20) NOT NULL COMMENT '角色 ID',
  `permission_id` bigint(20) NOT NULL COMMENT '权限 ID',
  PRIMARY KEY (`id`)
) ENGINE=InnoDB AUTO_INCREMENT=48 DEFAULT CHARSET=utf8 COMMENT='角色权限表';
insert  into `tb_role_permission`(`id`,`role_id`,`permission_id`) values
(37,37,37),
(38,37,38),
(39,37,39),
(40,37,40),
(41,37,41),
(42,37,42),
(43,37,44),
(44,37,45),
(45,37,46),
(46,37,47),
(47,37,48);

CREATE TABLE `tb_user` (
  `id` bigint(20) NOT NULL AUTO_INCREMENT,
  `username` varchar(50) NOT NULL COMMENT '用户名',
  `password` varchar(64) NOT NULL COMMENT '密码，加密存储',
  `phone` varchar(20) DEFAULT NULL COMMENT '注册手机号',
  `email` varchar(50) DEFAULT NULL COMMENT '注册邮箱',
  `created` datetime NOT NULL,
  `updated` datetime NOT NULL,
  PRIMARY KEY (`id`),
  UNIQUE KEY `username` (`username`) USING BTREE,
  UNIQUE KEY `phone` (`phone`) USING BTREE,
  UNIQUE KEY `email` (`email`) USING BTREE
) ENGINE=InnoDB AUTO_INCREMENT=38 DEFAULT CHARSET=utf8 COMMENT='用户表';
insert  into `tb_user`(`id`,`username`,`password`,`phone`,`email`,`created`,`updated`) values
(37,'admin','$2a$10$9ZhDOBp.sRKat4l14ygu/.LscxrMUcDAfeVOEPiYwbcRkoB09gCmi','15888888888','lee.lusifer@gmail.com','2019-04-04 23:21:27','2019-04-04 23:21:29');

CREATE TABLE `tb_user_role` (
  `id` bigint(20) NOT NULL AUTO_INCREMENT,
  `user_id` bigint(20) NOT NULL COMMENT '用户 ID',
  `role_id` bigint(20) NOT NULL COMMENT '角色 ID',
  PRIMARY KEY (`id`)
) ENGINE=InnoDB AUTO_INCREMENT=38 DEFAULT CHARSET=utf8 COMMENT='用户角色表';
insert  into `tb_user_role`(`id`,`user_id`,`role_id`) values
(37,37,37);


CREATE TABLE `tb_content` (
  `id` bigint(20) NOT NULL AUTO_INCREMENT,
  `category_id` bigint(20) NOT NULL COMMENT '内容类目ID',
  `title` varchar(200) DEFAULT NULL COMMENT '内容标题',
  `sub_title` varchar(100) DEFAULT NULL COMMENT '子标题',
  `title_desc` varchar(500) DEFAULT NULL COMMENT '标题描述',
  `url` varchar(500) DEFAULT NULL COMMENT '链接',
  `pic` varchar(300) DEFAULT NULL COMMENT '图片绝对路径',
  `pic2` varchar(300) DEFAULT NULL COMMENT '图片2',
  `content` text COMMENT '内容',
  `created` datetime DEFAULT NULL,
  `updated` datetime DEFAULT NULL,
  PRIMARY KEY (`id`),
  KEY `category_id` (`category_id`),
  KEY `updated` (`updated`)
) ENGINE=InnoDB AUTO_INCREMENT=42 DEFAULT CHARSET=utf8;
insert  into `tb_content`(`id`,`category_id`,`title`,`sub_title`,`title_desc`,`url`,`pic`,`pic2`,`content`,`created`,`updated`) values
(28,89,'标题','子标题','标题说明','http://www.jd.com',NULL,NULL,NULL,'2019-04-07 00:56:09','2019-04-07 00:56:11'),
(29,89,'ad2','ad2','ad2','http://www.baidu.com',NULL,NULL,NULL,'2019-04-07 00:56:13','2019-04-07 00:56:15'),
(30,89,'ad3','ad3','ad3','http://www.sina.com.cn',NULL,NULL,NULL,'2019-04-07 00:56:17','2019-04-07 00:56:19'),
(31,89,'ad4','ad4','ad4','http://www.funtl.com',NULL,NULL,NULL,'2019-04-07 00:56:22','2019-04-07 00:56:25');

CREATE TABLE `tb_content_category` (
  `id` bigint(20) NOT NULL AUTO_INCREMENT COMMENT '类目ID',
  `parent_id` bigint(20) DEFAULT NULL COMMENT '父类目ID=0时，代表的是一级的类目',
  `name` varchar(50) DEFAULT NULL COMMENT '分类名称',
  `status` int(1) DEFAULT '1' COMMENT '状态。可选值:1(正常),2(删除)',
  `sort_order` int(4) DEFAULT NULL COMMENT '排列序号，表示同级类目的展现次序，如数值相等则按名称次序排列。取值范围:大于零的整数',
  `is_parent` tinyint(1) DEFAULT '1' COMMENT '该类目是否为父类目，1为true，0为false',
  `created` datetime DEFAULT NULL COMMENT '创建时间',
  `updated` datetime DEFAULT NULL COMMENT '创建时间',
  PRIMARY KEY (`id`),
  KEY `parent_id` (`parent_id`,`status`) USING BTREE,
  KEY `sort_order` (`sort_order`)
) ENGINE=InnoDB AUTO_INCREMENT=98 DEFAULT CHARSET=utf8 COMMENT='内容分类';
insert  into `tb_content_category`(`id`,`parent_id`,`name`,`status`,`sort_order`,`is_parent`,`created`,`updated`) values
(30,0,'LeeShop',1,1,1,'2015-04-03 16:51:38','2015-04-03 16:51:40'),
(86,30,'首页',1,1,1,'2015-06-07 15:36:07','2015-06-07 15:36:07'),
(87,30,'列表页面',1,1,1,'2015-06-07 15:36:16','2015-06-07 15:36:16'),
(88,30,'详细页面',1,1,1,'2015-06-07 15:36:27','2015-06-07 15:36:27'),
(89,86,'大广告',1,1,0,'2015-06-07 15:36:38','2015-06-07 15:36:38'),
(90,86,'小广告',1,1,0,'2015-06-07 15:36:45','2015-06-07 15:36:45'),
(91,86,'商城快报',1,1,0,'2015-06-07 15:36:55','2015-06-07 15:36:55'),
(92,87,'边栏广告',1,1,0,'2015-06-07 15:37:07','2015-06-07 15:37:07'),
(93,87,'页头广告',1,1,0,'2015-06-07 15:37:17','2015-06-07 15:37:17'),
(94,87,'页脚广告',1,1,0,'2015-06-07 15:37:31','2015-06-07 15:37:31'),
(95,88,'边栏广告',1,1,0,'2015-06-07 15:37:56','2015-06-07 15:37:56'),
(96,86,'中广告',1,1,1,'2015-07-25 18:58:52','2015-07-25 18:58:52'),
(97,96,'中广告1',1,1,0,'2015-07-25 18:59:43','2015-07-25 18:59:43');